CompanyName, Link, PageName, Summary
mercusys,https://www.mercusys.com ‚Ä∫ support,Support-Welcome to MERCUSYS,MERCUSYS Simulator. View the web management interface of our products ¬∑ ISP Preset. To enable ISPs to customize default configurations and batch-apply them to ...
mercusys,https://www.mercusys.com ‚Ä∫ support,Support-Welcome to MERCUSYS,MERCUSYS Simulator. View the web management interface of our products ¬∑ ISP Preset. To enable ISPs to customize default configurations and batch-apply them to ...
mercusys,https://www.flipkart.com ‚Ä∫ routers ‚Ä∫ mercusys~brand,Buy Mercusys Routers Online at Best Prices in India ...,Buy Mercusys Routers Online| check Mercusys Routers review and price in India. Free shipping and cash on delivery at Flipkart.com.
mercusys,https://www.flipkart.com ‚Ä∫ routers ‚Ä∫ mercusys~brand,Buy Mercusys Routers Online at Best Prices in India ...,Buy Mercusys Routers Online| check Mercusys Routers review and price in India. Free shipping and cash on delivery at Flipkart.com.
mercusys,https://www.tatacliq.com ‚Ä∫ mercusys ‚Ä∫ page-1,Mercusys - Tata CLiQ,Mercusys ¬∑ MERCUSYS MW325R 300Mbps Wireless N Router (White) ¬∑ MERCUSYS AC1200 AC12G 1200Mbps Dual Band Gigabit Wi-Fi Router (Black) ¬∑ MERCUSYS MW300RE 300Mbps Wi- ...
mercusys,https://www.tatacliq.com ‚Ä∫ mercusys ‚Ä∫ page-1,Mercusys - Tata CLiQ,Mercusys ¬∑ MERCUSYS MW325R 300Mbps Wireless N Router (White) ¬∑ MERCUSYS AC1200 AC12G 1200Mbps Dual Band Gigabit Wi-Fi Router (Black) ¬∑ MERCUSYS MW300RE 300Mbps Wi- ...
mercusys,https://www.mercusys.co.in,Welcome to MERCUSYS,MERCUSYS is a networking brand which dedicates to enriching people lives through better connections. A wide and steadily growing array of Wi-Fi routers| ...
mercusys,,,
mercusys,,,
mercusys,,,
mercusys,,,
mercusys,https://www.amazon.in ‚Ä∫ Mercusys-MW305R-Wireless-...,Buy Mercusys MW305R 300Mbps Wireless Wi-Fi WiFi ...,MERCUSYS is a sub brand of TP-LINK and is relatively new. The build quality and design is mind blowing. All routers in this price range look very basic but this ...
Deal Price: ‚Çπ859.00‚Çπ859.00
M.R.P: ‚Çπ1|499.00‚Çπ1|499.00 #listPriceLegalM...
You Save: ‚Çπ640.00‚Çπ640.00 (43%)
Rating: 4 ¬∑ 4|479 reviews ¬∑ ‚Çπ859.00 ¬∑ In stock
mercusys,https://www.amazon.in ‚Ä∫ Mercusys-MW325R-Wireless-...,Mercusys MW325R 300Mbps Enhanced Wireless Wi-Fi ...,MERCUSYS is a sub brand of TP-LINK and is relatively new. The build quality and design is mind blowing. All routers in this price range look very basic but this ...
Wireless Type: 802.11b
Operating System: Windows
Rating: 4 ¬∑ 4|479 reviews ¬∑ ‚Çπ999.00 ¬∑ In stock
mercusys,https://play.google.com ‚Ä∫ store ‚Ä∫ apps ‚Ä∫ details ‚Ä∫ id=co...,MERCUSYS ‚Äì Apps on Google Play,The MERCUSYS app allows you to quickly and easily install and manage your Halo Mesh WiFi. Now| you can monitor your home Wi-Fi from anywhere| ...
Installs: 50|000+
Updated: 2 September 2021
Rating: 1 ¬∑ 279 votes ¬∑ Free ¬∑ Android ¬∑ Utilities/Tools
tp-link,http://tplinkwifi.net,Trying to configure the Router? | TP-Link,Trying to configure the Router? It looks like you aren't connected to your TP-Link network. To access tplinkwifi.net| your device must be connected to ...
tp-link,https://en.wikipedia.org ‚Ä∫ wiki ‚Ä∫ TP-Link,TP-Link - Wikipedia,(Chinese: ÊôÆËÅîÊäÄÊúØ; Pinyin: p«î li√°n j√¨sh√π)| is a global manufacturer of computer networking products based in Shenzhen| China. TP-Link has consistently been ...
tp-link,https://play.google.com ‚Ä∫ store ‚Ä∫ apps ‚Ä∫ details ‚Ä∫ id=co...,TP-Link Tether ‚Äì Apps on Google Play,TP-Link Tether provides the easiest way to access and manage your TP-Link Router/ xDSL Router/ Range Extender with your mobile devices.
tp-link,https://play.google.com ‚Ä∫ store ‚Ä∫ apps ‚Ä∫ details ‚Ä∫ id=co...,TP-Link Tether ‚Äì Apps on Google Play,TP-Link Tether provides the easiest way to access and manage your TP-Link Router/ xDSL Router/ Range Extender with your mobile devices.
tp-link,https://www.flipkart.com ‚Ä∫ routers ‚Ä∫ tp-link~brand,Upto 70% off on Tp-link WiFi Routers | Flipkart.com,TP-Link is a Chinese brand that was started in the year| 1996. This brand specialises in several computer networking devices and products like IP cameras| print ...
tp-link,https://www.flipkart.com ‚Ä∫ routers ‚Ä∫ tp-link~brand,Upto 70% off on Tp-link WiFi Routers | Flipkart.com,TP-Link is a Chinese brand that was started in the year| 1996. This brand specialises in several computer networking devices and products like IP cameras| print ...
tp-link,https://www.amazon.in ‚Ä∫ Routers-TP-Link-Networking-...,TP-Link - Routers / Networking Devices - Amazon.in,Results 1 - 24 of 43 ‚Äî TP-Link AC1200 Archer A6 Smart WiFi| 5GHz Gigabit Dual Band MU-MIMO Wireless Internet Router| Long Range Coverage by 4 Antennas| Qualcomm ...
tp-link,https://www.amazon.in ‚Ä∫ Routers-TP-Link-Networking-...,TP-Link - Routers / Networking Devices - Amazon.in,Results 1 - 24 of 43 ‚Äî TP-Link AC1200 Archer A6 Smart WiFi| 5GHz Gigabit Dual Band MU-MIMO Wireless Internet Router| Long Range Coverage by 4 Antennas| Qualcomm ...
tp-link,https://www.tp-link.com ‚Ä∫ ...,TP-Link India - WiFi Networking Equipment for Home & Business,TP-Link is the world's #1 provider of consumer WiFi networking devices| shipping products to over 170 countries and hundreds of millions of customers.
tp-link,,,
tp-link,,,
tp-link,,,
tp-link,,,
futura,https://www.futurasink.com,Futura kitchen sink: Best kitchen sinks for your dream home,Futura kitchen sink| India's one of the leading Kitchen Sinks brands offering a wide range of the best kitchen sinks & plumbing accessories throughout ...
futura,https://www.futurasink.com,Futura kitchen sink: Best kitchen sinks for your dream home,Futura kitchen sink| India's one of the leading Kitchen Sinks brands offering a wide range of the best kitchen sinks & plumbing accessories throughout ...
futura,https://www.myfonts.com ‚Ä∫ fonts ‚Ä∫ bitstream ‚Ä∫ futura,Futura Font | Webfont & Desktop | MyFonts,Futura Font: Futura is the fully developed prototype of the twentieth century Geometric Sanserif. The form is ancient| Greek capitals being inscribed...
futura,https://www.myfonts.com ‚Ä∫ fonts ‚Ä∫ bitstream ‚Ä∫ futura,Futura Font | Webfont & Desktop | MyFonts,Futura Font: Futura is the fully developed prototype of the twentieth century Geometric Sanserif. The form is ancient| Greek capitals being inscribed...
futura,https://fonts.adobe.com ‚Ä∫ Fonts,Futura PT | Adobe Fonts,Explore Futura PT designed by Isabella Chaeva| Paul Renner| Vladimir Andrich| Vladimir Yefimov at Adobe Fonts.
futura,https://www.flipkart.com ‚Ä∫ cookware ‚Ä∫ futura~brand,Futura Cookware Online at Best Prices on Flipkart,Buy Futura Cookware Online: Kitchen sets are the best way to have every needful thing in your Kitchen. Explore the wide range of Futura Cookware and choose ...
futura,https://www.flipkart.com ‚Ä∫ cookware ‚Ä∫ futura~brand,Futura Cookware Online at Best Prices on Flipkart,Buy Futura Cookware Online: Kitchen sets are the best way to have every needful thing in your Kitchen. Explore the wide range of Futura Cookware and choose ...
futura,https://www.fonts.com ‚Ä∫ font ‚Ä∫ linotype ‚Ä∫ futura,Futura¬Æ Font Family,First presented by the Bauer Type Foundry in 1928| Futura is commonly considered the major typeface development to come out of the Constructivist orientati.
futura,https://www.fonts.com ‚Ä∫ font ‚Ä∫ linotype ‚Ä∫ futura,Futura¬Æ Font Family,First presented by the Bauer Type Foundry in 1928| Futura is commonly considered the major typeface development to come out of the Constructivist orientati.
futura,https://www.hawkinscookers.com ‚Ä∫ 1.1.2.futuraHA.asp,Futura Pressure Cooker,A beautiful combination of form and function| Futura is the only pressure cooker in the world to have been displayed by The Museum of Modern Art| New York.
Futura Hard Anodised 2 Litre: CODE:FP20
Base thickness: 6.35 mm
Base flat diameter: 134 mm
Ideal for cooking for: 2-3 Persons
futura,https://www.amazon.in ‚Ä∫ Hawkins-Inducion-Futura-Anodi...,Buy Hawkins Futura Hard Anodised Induction Compatible ...,Hawkins Inducion Based Futura Hard Anodised Cooker| 5 Litres| Black ... The beautiful| durable black finish given by 60 micron thick hard anodising has two ...
Capacity: 5 litres
Material: Stainless steel
Item Dimensions LxWxH: 40.6 x 25.4 x 20.3 C...
Item Weight: 8.2 Pounds
Rating: 4.1 ¬∑ 2|465 reviews ¬∑ ‚Çπ3|990.00 ¬∑ In stock
futura,,,
futura,,,
futura,,,
futura,,,
futura,https://en.wikipedia.org ‚Ä∫ wiki ‚Ä∫ Futura_(typeface),Futura (typeface) - Wikipedia,Futura is a geometric sans-serif typeface designed by Paul Renner and released in 1927. It was designed as a contribution on the New Frankfurt-project.
Designer(s): Paul Renner; Edwin W. Shaar ...
Foundry: Bauer Type Foundry
Date created: 1927
Classification: Geometric sans-serif
futura,https://www.flipkart.com ‚Ä∫ hawkins-futura-5-l-inductio...,HAWKINS Futura 5 L Induction Bottom Pressure Cooker Price ...,Hurry| Only 5 left! ... You can quickly whip up a tasty meal for yourself and your family with the Hawkins Futura Pressure Cooker. Designed with a thick hard ...
Other Features: Non Reactive with Food| Super ...
Weight: 4.07 kg
Capacity: 5 litre
Rating: 4.2 ¬∑ 293 reviews ¬∑ ‚Çπ4|026.00 to ‚Çπ4|679.00 ¬∑ In stock
vestige,https://www.facebook.com ‚Ä∫ Pages ‚Ä∫ Interest,Vestige Marketing Pvt.Ltd - Home | Facebook,The official Facebook page of Vestige Marketing Pvt Ltd. One of the fastest-growing Indian Direct Selling Company headquartered in Delhi. Vestige believes in ...
vestige,https://www.facebook.com ‚Ä∫ Pages ‚Ä∫ Interest,Vestige Marketing Pvt.Ltd - Home | Facebook,The official Facebook page of Vestige Marketing Pvt Ltd. One of the fastest-growing Indian Direct Selling Company headquartered in Delhi. Vestige believes in ...
vestige,https://in.linkedin.com ‚Ä∫ company ‚Ä∫ vestige-marketing-pv...,Vestige Marketing Pvt. Ltd. | LinkedIn,Vestige Marketing Pvt. Ltd. which started its operations in the year 2004| is now becoming a leading direct selling company dealing in world-class wellness ...
vestige,https://www.instagram.com ‚Ä∫ vestige_official,Vestige Marketing Pvt.Ltd - Instagram,159k Followers| 9 Following| 3009 Posts - See Instagram photos and videos from Vestige Marketing Pvt.Ltd (@vestige_official)
vestige,https://www.myvestige.com,Vestige - World Class Health & Wellness Product | Top ...,Vestige Marketing Pvt. Ltd.| which started its operations in the year 2004| is now becoming a leading direct selling company dealing in world class wellness ...
vestige,,,
vestige,,,
vestige,,,
vestige,,,
vestige,https://play.google.com ‚Ä∫ store ‚Ä∫ apps ‚Ä∫ details ‚Ä∫ id=co...,Vestige Online Shopping App - Google Play,Vestige brings you the all-new Vestige Online Shopping App| that gives you the convenience of 24x7 online shopping and empowers you to manage your business ...
Updated: 31 December 2021
Size: 19M
Rating: 4.3 ¬∑ 100|316 votes ¬∑ Free ¬∑ Android ¬∑ Business/Productivity
msi,https://en.wikipedia.org ‚Ä∫ wiki ‚Ä∫ Micro-Star_International,Micro-Star International - Wikipedia,Micro-Star International Co.| Ltd (MSI; Chinese: ÂæÆÊòüÁßëÊäÄËÇ°‰ªΩÊúâÈôêÂÖ¨Âè∏) is a Taiwanese multinational information technology corporation headquartered in New ...
msi,https://en.wikipedia.org ‚Ä∫ wiki ‚Ä∫ Micro-Star_International,Micro-Star International - Wikipedia,Micro-Star International Co.| Ltd (MSI; Chinese: ÂæÆÊòüÁßëÊäÄËÇ°‰ªΩÊúâÈôêÂÖ¨Âè∏) is a Taiwanese multinational information technology corporation headquartered in New ...
msi,https://www.amazon.in ‚Ä∫ MSI-TechmeetsAesthetic ‚Ä∫ page,MSI - Tech meets Aesthetic - Amazon.in,Processor: 10th Generation Intel Core i7-10750H Up To 5GHz; Operating System: Pre-loaded Windows 10 Home with lifetime validity |Preinstalled Software: MSI ...
msi,https://www.amazon.in ‚Ä∫ MSI-TechmeetsAesthetic ‚Ä∫ page,MSI - Tech meets Aesthetic - Amazon.in,Processor: 10th Generation Intel Core i7-10750H Up To 5GHz; Operating System: Pre-loaded Windows 10 Home with lifetime validity |Preinstalled Software: MSI ...
msi,https://www.facebook.com ‚Ä∫ ... ‚Ä∫ Brand ‚Ä∫ Electronics,MSI Gaming - Home | Facebook,As a world leading gaming brand| MSI is the most trusted name in gaming and eSports. We stand by our principles of breakthroughs in design| the pursuit of ...
msi,https://www.facebook.com ‚Ä∫ ... ‚Ä∫ Brand ‚Ä∫ Electronics,MSI Gaming - Home | Facebook,As a world leading gaming brand| MSI is the most trusted name in gaming and eSports. We stand by our principles of breakthroughs in design| the pursuit of ...
msi,https://gadgets.ndtv.com ‚Ä∫ ... ‚Ä∫ MSI Laptops,MSI Laptops Price in India| Reviews| Specifications ...,MSI (Micro-Star International Co.| Ltd| Chinese: ÂæÆÊòüÁßëÊäÄËÇ°‰ªΩÊúâÈôêÂÖ¨Âè∏) is a Taiwanese multinational information technology corporation headquartered in New ...
msi,https://gadgets.ndtv.com ‚Ä∫ ... ‚Ä∫ MSI Laptops,MSI Laptops Price in India| Reviews| Specifications ...,MSI (Micro-Star International Co.| Ltd| Chinese: ÂæÆÊòüÁßëÊäÄËÇ°‰ªΩÊúâÈôêÂÖ¨Âè∏) is a Taiwanese multinational information technology corporation headquartered in New ...
msi,https://www.msi.com,MSI Global - The Leading Brand in High-end Gaming ...,As a world leading gaming brand| MSI is the most trusted name in gaming and eSports. We stand by our principles of breakthroughs in design| and roll out the ...
msi,,,
msi,,,
msi,,,
msi,,,
msi,https://twitter.com ‚Ä∫ msitweets,MSI (@msitweets) / Twitter,MSI Creator Awards is very honored to have Emonee LaRussa to be one of the Graphic Design judge. @Em0n33y. wins 2 Emmy Awards and has 4 Emmy nominations. How ...
27-Jan-2022
qtech,https://in.linkedin.com ‚Ä∫ company ‚Ä∫ qtech-software,Qtech Software | LinkedIn,Qtech Software is the trusted service provider for Travel Technology services for travel businesses of all sizes. With clients in over 36 countries across ...
qtech,http://www.qtechglobal.com,Q Technology - Home,About Q Tech More> ¬∑ Company Profile ¬∑ Precision Manufacturing + R&D. A Leading PRC-based Camera Module Manufacturer.
qtech,https://www.glassdoor.co.in ‚Ä∫ Overview ‚Ä∫ Working-at-...,Working at Qtech Software | Glassdoor,01-Feb-2022 ‚Äî Qtech Software Overview ¬∑ Website: www.qtechsoftware.com ¬∑ Headquarters: Mumbai| India ¬∑ Size: 51 to 200 Employees ¬∑ Type: Company - Private.
qtech,http://www.qtechsmartvision.com,Q Technology - Home,Stock Abbreviation: Q TECH Stock Code: 1478.HK. English ÁÆÄ‰Ωì‰∏≠Êñá. Home ¬∑ Products ¬∑ Investor Relations ¬∑ News Center ¬∑ About Us ¬∑ E-waste.
qtech,https://q-tech.com,Q-Tech Corporation - High Reliability Crystal Oscillators,The world's leading supplier of Crystal Oscillators| TCXOs| VCXOs| OCXOs| SAWs| MCXOs| for Space| Military| Avionics| and High-Temperature.
qtech,https://www.zaubacorp.com ‚Ä∫ company ‚Ä∫ QTECH-INDIA...,Qtech India Technologies Private Limited - Zauba Corp,Qtech India Technologies Private Limited is a Private incorporated on 08 November 2005. It is classified as Non-govt company and is registered at Registrar ...
qtech,https://www.facebook.com ‚Ä∫ ... ‚Ä∫ Software Company,Qtech Software - Home | Facebook,Enterprise travel applications. Online and mobile travel solutions for your B2B and B2C business. Travel technology you can trust! Enterprise travel ...
qtech,https://www.qtechsoftware.com,Qtech Software: Travel Technology Company | Travel ...,OTRAMS is world's top travel technology platform| developed by Qtech Software. It is an end ‚Äì to ‚Äì end travel ERP software. With our travel booking software ...
procdna,https://procdna.com,ProcDNA - ProcDNA,ProcDNA was founded by experts in commercial analytics and technology| bringing together a combined 80+ years of experience in strategy| analytics| and ...
procdna,https://www.linkedin.com ‚Ä∫ company ‚Ä∫ procdna,ProcDNA | LinkedIn,ProcDNA is a global technology firm focused on establishing Commercial Analytics and Technology solutions for life science firms.
procdna,https://in.linkedin.com ‚Ä∫ ...,Harpreet Singh - Partner - ProcDNA | LinkedIn,Harpreet Singh. Partner at ProcDNA | We are hiring! ProcDNAPanjab University. Gurugram| Haryana| India500 ...
procdna,https://www.glassdoor.co.in ‚Ä∫ Overview ‚Ä∫ Working-at-...,Working at ProcDNA | Glassdoor,See what employees say it's like to work at ProcDNA. Salaries| reviews| and more - all posted by employees working at ProcDNA.
procdna,https://www.glassdoor.co.in ‚Ä∫ Salary ‚Ä∫ ProcDNA-Salari...,ProcDNA Salaries | Glassdoor,A free inside look at ProcDNA salary trends based on 9 salaries wages for 7 jobs at ProcDNA. Salaries posted anonymously by ProcDNA employees.
procdna,https://jobs.smartrecruiters.com ‚Ä∫ ProcDNA ‚Ä∫ 7439997...,ProcDNA Business Analyst - SmartRecruiters Job Search,Analytics and Technology solutions for life science firms. We work side by side with our clients| partnering to achieve their goals. Our people bring in a ...
procdna,https://www.instahyre.com ‚Ä∫ jobs-at-procdna,ProcDNA Careers | Jobs at ProcDNA - Instahyre,ProcDNA is a global consulting firm focused on establishing Commercial Analytics and Technology solutions for healthcare companies.
procdna,https://www.zaubacorp.com ‚Ä∫ company ‚Ä∫ PROCDNA-AN...,Procdna Analytics Private Limited - Zauba Corp,Procdna Analytics Private Limited is a Private incorporated on 28 February 2020. It is classified as Subsidiary of Foreign Company and is registered at ...
procdna,,,
procdna,,,
procdna,https://www.thecompanycheck.com ‚Ä∫ company ‚Ä∫ procd...,PROCDNA ANALYTICS PRIVATE LIMITED - Company Details,PROCDNA ANALYTICS PRIVATE LIMITED is a 1 year 11 months old| private Indian Company| registered at Gurgaon with a paid-up capital of Rs.100000.
Company Size: Unreported
Company Sub Category: Subsidiary of Foreign ...
Company No: 085653
Company Category: Company limited by Shares
srinidhi electricals,https://www.justdial.com ‚Ä∫ Bangalore ‚Ä∫ Srinidhi-Electri...,Srinidhi Electricals and repairs in Bangalore - Justdial,Srinidhi Electricals and repairs in Bangalore. Visit Justdial for Address| Contact Number| Reviews & Ratings| Photos| Maps of Srinidhi Electricals and ...
srinidhi electricals,https://in.linkedin.com ‚Ä∫ srinidhielectricals-melavanki-661...,srinidhielectricals Melavanki - Class-1|electrical contractor,srinidhielectricals Melavanki. Class-1|electrical contractor at Srinidhi electricals. Srinidhi electricals. Belgaum| Karnataka| India.
srinidhi electricals,https://www.indiamart.com ‚Ä∫ srinidhi-electricals,Srinidhi Electricals - IndiaMART,Srinidhi Electricals - Service Provider of Fan Repair| Ceiling Fans Repairing & Pump motor repair from Bengaluru| Karnataka| India.
srinidhi electricals,https://www.indiamart.com ‚Ä∫ srinidhi-electricals-hard-w...,Srinidhi Electricals Hard Ware - Wholesaler of rollers| casing ...,Srinidhi Electricals Hard Ware38 1st Main Road|Srinidhi Electrical And Hardware Kalyana Nagar|T Dasarahalli Urban| Bengaluru-560057| Karnataka| India.
srinidhi electricals,https://inmahabubnagar.com ‚Ä∫ srinidhi-electricals---engi...,Srinidhi Electricals & Engineering| Jadcherla,Yellow Pages>> Electrical / Electronics/Electrical Shops ; Srinidhi Electricals & Engineering in Jadcherla: We have all kind of companies Electricals goods like.
srinidhi electricals,http://srinidhielectricals.in,Srinidhi Electricals,We ‚ÄúSrinidhi Electricals‚Äù Engineers and EA Grade Contractors undertaking| industrial and commercial projects in and around Tamil Nadu Since 2010.
srinidhi electricals,https://www.justdial.com ‚Ä∫ Bangalore ‚Ä∫ Srinidhi-Electri...,Srinidhi Electricals| Rt Nagar,Established in the year 2011| Srinidhi Electricals in Rt Nagar| Bangalore is a top player in the category Electrical Goods Repair & Services in the Bangalore.
Rating: 4.4 ¬∑ 10 votes
What are the various mode of payment accepted here ?
Which is the nearest landmark ?
srinidhi electricals,https://nicelocal.in ‚Ä∫ bangalore ‚Ä∫ building ‚Ä∫ srinidhi_ele...,Srinidhi Electricals - Bangalore - Nicelocal.in,Building and construction have their weight in daily lives. Srinidhi Electricals is one of these establishments. This organization is rated 2 by NiceLocal ...
Rating: 2 ¬∑ 1 vote
How can I find Srinidhi Electricals?
What is the phone number for Srinidhi Electricals?
srinidhi electricals,https://www.facebook.com ‚Ä∫ ... ‚Ä∫ Electrician,Sri nidhi electrical repair - Home | Facebook,Sri Nidhi Electrical Repairs are experts in giving electrical solutions to your needs.We are giving... 10 3rd Cross Road| Bangalore| Karnataka| ...
30-Jul-2021 ¬∑
Rating: 5 ¬∑ 1 vote
anaconda,https://anaconda.org,:: Anaconda.org,Menu. Gallery ¬∑ About ¬∑ Anaconda ¬∑ Help ¬∑ Download Anaconda. Sign In. Where packages| notebooks| projects and environments are shared. SEARCH PACKAGES ...
anaconda,https://en.wikipedia.org ‚Ä∫ wiki ‚Ä∫ Anaconda_(Python_di...,Anaconda (Python distribution) - Wikipedia,Anaconda is a distribution of the Python and R programming languages for scientific computing that aims to simplify package management and deployment.
anaconda,https://www.linkedin.com ‚Ä∫ company ‚Ä∫ anacondainc,Anaconda| Inc. | LinkedIn,With more than 20 million users| Anaconda is the world's most popular data science platform and the foundation of modern machine learning.
anaconda,https://www.anaconda.com,Anaconda | The World's Most Popular Data Science Platform,Anaconda is the birthplace of Python data science. We are a movement of data scientists| data-driven enterprises| and open source communities.
anaconda,,,
anaconda,,,
anaconda,,,
anaconda,,,
anaconda,https://en.wikipedia.org ‚Ä∫ wiki ‚Ä∫ Anaconda,Anaconda - Wikipedia,Anacondas or water boas are a group of large snakes of the genus Eunectes. They are found in tropical South America. Four species are currently recognized.
Family: Boidae
Genus: Eunectes; Wagler
Kingdom: Animalia
Class: Reptilia
anaconda,,,
anaconda,,,
daiji world,https://en.wikipedia.org ‚Ä∫ wiki ‚Ä∫ Daijiworld_Media,Daijiworld Media - Wikipedia,Daijiworld Media is an Indian company| headquartered in Mangalore| that provides news services| including the web portal| www.daijiworld.com .
daiji world,https://www.facebook.com ‚Ä∫ ... ‚Ä∫ Media/news company,Daijiworld News - Home | Facebook,Daijiworld Media is an Indian private limited media company| headquartered in Mangalore| that provides news services| including the web portal| ...
daiji world,https://www.instagram.com ‚Ä∫ daijiworldnews,Daijiworld.com (@daijiworldnews) ‚Ä¢ Instagram photos and ...,48.6k Followers| 1452 Following| 8017 Posts - See Instagram photos and videos from Daijiworld.com (@daijiworldnews)
daiji world,https://www.youtube.com ‚Ä∫ DaijiworldTelevision,Daijiworld Television - YouTube,DAIJIWORLD - The Most happening & Trusted media brand of Coastal Districts of Karnataka. Daijiworld is the name| which is known by every Household.
daiji world,https://www.daijiworld.com,Daijiworld - A News portal linking West coast of India and the ...,Daijiworld Residency| Airport Road| Bondel Post| Mangalore - 575 008 Karnataka India Telephone : +91-824-2982023. General Enquiry: office@daijiworld.com|
mangalorean.com,https://www.facebook.com ‚Ä∫ Mangal...,Mangalorean.com - Home | Facebook,Timetable for 2nd PUC exams released; see dates here Bengaluru: The final timetable for the Pre University Course II (PUC II) examinations scheduled to.
mangalorean.com,https://www.facebook.com ‚Ä∫ MangaloreanNews ‚Ä∫ photos,Mangalorean.com - Photos | Facebook,Mangalorean.com. 66131 likes ¬∑ 81393 talking about this. Mangalorean.com offers unlimited possibilities for its members| readers and contributors to...
mangalorean.com,https://twitter.com ‚Ä∫ mangaloreannews,Mangalorean (@MangaloreanNEWS) / Twitter,@MangaloreanNEWS. Mangalore| India mangalorean.com Joined June 2014 ... Hijab Row: Two more college students move Karnataka High Court - Mangalorean.com.
mangalorean.com,https://www.mangalorean.com,Mangalorean.com: Home,Mangalorean is your news| entertainment| music fashion website. We provide you with the latest breaking news and videos straight from the entertainment industry ...
cipla,https://www.facebook.com ‚Ä∫ Cipla,Cipla - Home | Facebook,Cipla is a global pharmaceutical company whose goal is to ensure that no patient shall be denied access to high quality & affordable medicine and support. http ...
cipla,https://www.ciplausa.com,Leading Pharmaceutical Company in USA | Cipla USA Inc.,Cipla USA Inc. - One of the leading pharmaceutical companies in USA with over 1500 products with 60 plus dosage forms. US FDA approved since 1984.
cipla,https://www.cipla.com ‚Ä∫ ...,Cipla - Leading Global Pharmaceutical Company,Cipla Limited (BSE: 500087; NSE: CIPLA EQ; and hereafter referred to as ‚ÄúCipla‚Äù) has emerged as the only Indian pharma company to secure a spot in the Forbes ‚Äú ...
cipla,,,
cipla,,,
cipla,,,
cipla,,,
cipla,https://en.wikipedia.org ‚Ä∫ wiki ‚Ä∫ Cipla,Cipla - Wikipedia,Cipla Limited is an Indian multinational pharmaceutical company| headquartered in Mumbai| India. Cipla primarily develops medicines to treat respiratory| ...
Products: Pharmaceuticals and diagnostics
Net income: ‚Çπ1|546.98 crore (US$210 million) ...
Industry: Pharmaceuticals
Total assets: ‚Çπ23|662.56 crore (US$3.1 billion) ...
History ¬∑ Operations ¬∑ Listings and shareholding ¬∑ Criticism
cipla,https://in.linkedin.com ‚Ä∫ company ‚Ä∫ cipla,Cipla | LinkedIn,Cipla is a global pharmaceutical company which uses cutting edge technology and innovation to meet the everyday needs of all patients. For over 80 years| ...
Industries: Pharmaceutical industry
sri nandi publications,https://www.justdial.com ‚Ä∫ Bangalore ‚Ä∫ Sri-Nandi-Publi...,Sri Nandi Publications in Padmanabhanagar| Bangalore,Sri Nandi Publications in Padmanabhanagar| Bangalore is known to satisfactorily cater to the demands of its customer base. It stands located at No. 256 | 2nd ...
sri nandi publications,https://www.mypustak.com ‚Ä∫ publication ‚Ä∫ books-Sri-N...,BUY Sri Nandi Publications-AT INDIA'S SOCIALLY ... - MyPustak,Shop the quality assured free used books of Sri Nandi Publicationsonline in India from your loved bookstore.
sri nandi publications,https://nicelocal.in ‚Ä∫ üö© Bangalore ‚Ä∫ üõí Shops in Bangalore,Sri Nandi Publications - Shops in Bangalore - Nicelocal.in,Sri Nandi Publications can be found by the following address: No. 256| 2nd Main| 10th Cross Padmanabhanagar(B.S.K. 2nd Stage)| Bengaluru| Padmanabhanagar ‚Äî ...
sri nandi publications,http://lrc.acharyainstitutes.in ‚Ä∫ koha ‚Ä∫ opac-search ‚Ä∫ q=...,Results of search for 'Provider:Sri Nandi Publications' ‚Ä∫ Koha ...,Material type: Text; Format: print ; Literary form: Not fiction Publication details: Bangalore Sri Nandi Publications 2006Availability: Items available for ...
sri nandi publications,http://www.interlinepublishing.com ‚Ä∫ store-4 ‚Ä∫ syllabus...,Sri Nandi Publications - Interline Publishing,Dr Sri Sri Sri Shivakumara Mahaswamy College of Engineering ... Shri Madhwa Vadiraja Institute of Technology and Management ... Sri Nandi Publications.
sri nandi publications,https://in.worldorgs.com ‚Ä∫ bengaluru ‚Ä∫ publisher ‚Ä∫ sri-n...,Sri Nandi Publications in the city Bengaluru - Worldorgs.com,Sri Nandi Publications in the city Bengaluru by the address No. 256 | 2nd Main| 10th Cross Padmanabhanagar(B.S.K. 2nd Stage)| Bengaluru| Karnataka 560070| ...
sri nandi publications,https://booksbeka.com ‚Ä∫ c-programming-techniques-pa...,Padma Reddy AM | Sri Nandi Publications - BOOKSBEKA,C Programming and Data Structures for 1st & 2nd Sem by Padma Reddy - C Programming Techniques | Padma Reddy A M | Sri Nandi Publications - FOR 1ST & 2ND ...
sri nandi publications,https://tikshare.com ‚Ä∫ sri-nandi-publications-2648984,Sri Nandi Publications - Tikshare,GST Number 29ACDPN8690G1Z3 is registered in trade name SRI NANDI PUBLICATIONS in Karnataka state. Address of of SRI NANDI PUBLICATIONS is NO.256| ...
sri nandi publications,https://www.knowyourgst.com ‚Ä∫ gst-number-search ‚Ä∫ sr...,GST number of Sri Nandi Publications is 29ACDPN8690G1Z3 ...,GST number of Sri Nandi Publications is 29ACDPN8690G1Z3. This is a Proprietorship.This is GST number of Karnataka state.
sri nandi publications,http://nmitlibrary.in ‚Ä∫ cgi-bin ‚Ä∫ koha ‚Ä∫ opac-search ‚Ä∫ q=P...,Your search returned 3 results. - Nitte Meenakshi Institute of ...,Material type: Text; Format: print ; Literary form: Not fiction Publication details: Bangalore Sri Nandi Publications| 2000Availability: Items available for ...
macho,https://www.merriam-webster.com ‚Ä∫ dictionary ‚Ä∫ macho,Macho Definition & Meaning - Merriam-Webster,The meaning of MACHO is characterized by machismo : aggressively virile. How to use macho in a sentence.
macho,https://dictionary.cambridge.org ‚Ä∫ dictionary ‚Ä∫ macho,MACHO | meaning in the Cambridge English Dictionary,7 days ago ‚Äî macho | American Dictionary ... behaving in a way that is thought to be typical of a man| esp. by seeming strong and powerful but also seeming too ...
macho,https://www.dictionary.com ‚Ä∫ browse ‚Ä∫ macho,Macho Definition & Meaning | Dictionary.com,Macho definition| having or characterized by qualities considered manly| especially when manifested in an assertive| self-conscious| or dominating way.
macho,https://www.amazon.in ‚Ä∫ Innerwear-Macho-Men ‚Ä∫ rh=n...,Macho - Innerwear / Men: Clothing & Accessories - Amazon.in,Results 1 - 48 of 552 ‚Äî Price and other details may vary based on product size and colour. Amazon's Choice ¬∑ Macho Smart Cut Mens Cotton Brief Multicolor| ...
macho,https://www.collinsdictionary.com ‚Ä∫ dictionary ‚Ä∫ macho,Macho definition and meaning | Collins English Dictionary,macho in American English ¬∑ 1. having or characterized by qualities considered manly| esp. when manifested in an assertive| self-conscious| or dominating way ¬∑ 2.
macho,https://www.flipkart.com ‚Ä∫ clothing-and-accessories,Macho Clothing And Accessories - Flipkart,Macho Clothing And Accessories - Buy Macho Clothing And Accessories at India's Best Online Shopping Store. Check Price in India and Shop Online.
macho,https://www.flipkart.com ‚Ä∫ clothing-and-accessories,Macho Innerwear And Swimwear - Flipkart,Macho Innerwear And Swimwear - Buy Macho Innerwear And Swimwear at India's Best Online Shopping Store. Check Price in India and Shop Online.
macho,https://www.vocabulary.com ‚Ä∫ dictionary ‚Ä∫ macho,Macho - Definition| Meaning & Synonyms | Vocabulary.com,macho Add to list Share ¬∑ adjective. used of men; markedly masculine in appearance or manner. synonyms: butch ¬∑ masculine. associated with men and not with women.
macho,https://www.thesaurus.com ‚Ä∫ browse ‚Ä∫ macho,12 Synonyms & Antonyms for MACHO | Thesaurus.com,Find 12 ways to say MACHO| along with antonyms| related words| and example sentences at Thesaurus.com| the world's most trusted free thesaurus.
macho,,,
macho,,,
macho,,,
macho,,,
zebronics,https://www.instagram.com ‚Ä∫ zebronics,Zebronics - Instagram,146k Followers| 3 Following| 2336 Posts - See Instagram photos and videos from Zebronics (@zebronics)
zebronics,https://gadgets.ndtv.com ‚Ä∫ ... ‚Ä∫ Wearables Reviews,Zebronics ZEB-FIT4220CH review: A Feature-Packed ...,22-Sept-2021 ‚Äî The Zebronics ZEB-FIT4220CH is not a full-fledged smartwatch| but is more of a smart band with a big display. It offers a lot of features| ...
zebronics,https://timesofindia.indiatimes.com ‚Ä∫ Tech,Zebronics Zeb-Fit Me smartwatch launched in India,18-Jan-2022 ‚Äî Zebronics Zeb-Fit Me offers 14 sports modes including walking| running| cycling| hiking| cricket| swimming| and yoga| among others. The device ...
zebronics,https://www.tatacliq.com ‚Ä∫ zebronics ‚Ä∫ page-1,Zebronics - Tata CLiQ,Zebronics ¬∑ ZEBRONICS Juke Bar 9000 Pro 120 W Bluetooth Soundbar (Black| 2.1 Channel) ¬∑ Zebronics Zeb-Smart Cam 100 Smart Wifi Camera (White) ¬∑ Zebronics Zeb Juke ...
zebronics,https://www.tatacliq.com ‚Ä∫ zebronics ‚Ä∫ page-1,Zebronics - Tata CLiQ,Zebronics ¬∑ ZEBRONICS Juke Bar 9000 Pro 120 W Bluetooth Soundbar (Black| 2.1 Channel) ¬∑ Zebronics Zeb-Smart Cam 100 Smart Wifi Camera (White) ¬∑ Zebronics Zeb Juke ...
zebronics,https://zebronics.com,Zebronics: Indian Audio| Gaming| Peripherals| Smart Watch ...,Zebronics is an Indian Brand helping you in discovering the best products in Audio| Headphones| Earphones| Gaming| Work from Home IT Peripherals| ...
zebronics,,,
zebronics,,,
zebronics,,,
zebronics,,,
zebronics,https://www.amazon.in ‚Ä∫ Zebronics-Zeb-County-Blueto...,Zebronics ZEB-COUNTY Wireless Bluetooth Portable ...,About this item ¬∑ Zeb-county is a compact and handy portable speaker that comes with multi-connectivity options like wireless BT/USB/micro SD and AUX. ¬∑ The ...
Speaker Type: Outdoor
Country of Origin: China
Rating: 3.9 ¬∑ 44|310 reviews ¬∑ ‚Çπ491.00 to ‚Çπ1|099.00 ¬∑ In stock
zebronics,https://www.amazon.in ‚Ä∫ Zebronics-Zeb-Sound-500-Bl...,Zebronics Zeb-Sound Feast 500 Bluetooth 5.0 Portable ...,Zebronics Zeb-Sound Feast 500 Bluetooth 5.0 Portable Speaker with 70W| 9H* Backup| TWS| IPX5 Waterproof| Call Function| RGB Lights| AUX| mSD| ...
Speaker Type: Outdoor
Recommended Uses For Product: For Surround ...
Connector Type: Auxiliary
Rating: 3.9 ¬∑ 73 reviews ¬∑ ‚Çπ4|499.00
ineuron,https://in.linkedin.com ‚Ä∫ company ‚Ä∫ ineuron-ai,iNeuron.ai | LinkedIn,We at iNeuron Academy believe in delivering a quality curriculum with a highly qualified professional team working as Senior Data Scientist| Deep Learning ...
ineuron,https://ineuronvision.com,iNeuron Vision,Data analytics platform that helps you get new insights from your diverse business data. It allows you to easily create and share powerful| ad hoc reports and ...
ineuron,https://www.glassdoor.co.in ‚Ä∫ Bangalore ‚Ä∫ iNeuron,iNeuron Reviews in Bangalore| India | Glassdoor,6 days ago ‚Äî iNeuron Bangalore Reviews ¬∑ good ¬∑ great ¬∑ Best learning experience ¬∑ Its good company to work ¬∑ Best ¬∑ Best company to work for... ¬∑ Believes in ...
ineuron,https://ineuron.ai,Affordable & Competent Courses | iNeuron.ai,Lifetime access to 100+ courses in all technologies in one subscription like Data Science| Blockchain| Iot| Digital marketing| Full stack development & etc.
ineuron,,,
ineuron,,,
ineuron,,,
ineuron,,,
ineuron,https://analyticsindiamag.com ‚Ä∫ ed-tech-startup-ineuron-la...,Ed-Tech Startup iNeuron Launches First Of Its Kind OTT ...,iNeuron| a well-known Ed-Tech start-up| began its operations in 2019 by two Like-minded professionals| Sudhanshu Kumar and Krish Naik.
23-Dec-2021 ¬∑ Uploaded by Uday Mishra
chambers,https://www.linkedin.com ‚Ä∫ company ‚Ä∫ chambers-and-...,Chambers and Partners | LinkedIn,Chambers and Partners is an independent research company operating across 200 jurisdictions delivering detailed rankings and insight into the world's ...
chambers,https://www.chambers-associate.com ‚Ä∫ ...,Chambers Associate,... EP 9 - Introducing Chambers Associate 202112m; EP 10 - How do you research law firms?06m; EP 11 - Covid-19 and the legal profession10m ...
chambers,https://chambers.com,Chambers and Partners | Researching Outstanding Lawyers ...,Chambers and Partners identifies and ranks the most outstanding law firms and lawyers in over 180 jurisdictions throughout the world.
chambers,https://www.imdb.com ‚Ä∫ title,Chambers (TV Series 2019) - IMDb,A young heart attack survivor becomes consumed by the mystery surrounding the heart that saved her. Play trailer ...
30-Apr-2019 ¬∑
Rating: 6.5/10 ¬∑ 8|238 votes
chambers,https://en.wikipedia.org ‚Ä∫ wiki ‚Ä∫ Chambers_(TV_series),Chambers (TV series) - Wikipedia,Chambers is an American supernatural horror streaming television series created by Leah Rachel. ... The first season| consisting of ten episodes| premiered on ...
No. of episodes: 10 (list of episodes)
Original release: April 26| 2019
No. of seasons: 1
Production companies: Super Deluxe; Super E...
Cast and characters ¬∑ Episodes ¬∑ Production
chambers,https://en.wikipedia.org ‚Ä∫ wiki ‚Ä∫ Calum_Chambers,Calum Chambers - Wikipedia,Calum Chambers (born 20 January 1995) is an English professional footballer who plays as a centre-back or right-back for Premier League club Aston Villa.
Position(s): Centre-back / Right-back
Number: 16
Height: 6 ft 0 in (1.82 m)
2015‚Äì2017: England U21
chambers,,,
chambers,,,
chambers,,,
chambers,,,
chambers,https://www.netflix.com ‚Ä∫ title,Watch Chambers | Netflix Official Site,Chambers. Season 1. Release year: 2019. Haunted by eerie visions and sinister impulses after a heart transplant| ...
10-Jan-2018
rado,https://www.rado.com ‚Ä∫ en_in,Captain Cook Automatic - Rado,Looking for a memorable gift? A Rado watch is the perfect present for every ...
rado,https://www.ethoswatches.com ‚Ä∫ brands ‚Ä∫ rado,Rado Watches for Men & Women Online,RADO| a Swiss watch brand| known for its innovative designs| create some of the world's most beautiful watches. RADO wrist watches start from Rs 25|300 in India ...
rado,https://www.instagram.com ‚Ä∫ rado,Rado (@rado) ‚Ä¢ Instagram photos and videos,Rado. Jewelry/watches. #MasterOfMaterials #Feelit Rado is a globally recognised Swiss watch brand famous for innovative design and its use ...
rado,https://www.kapoorwatch.com ‚Ä∫ watches ‚Ä∫ rado,Rado Watches For Men & Women,One of the most forward thinking watch manufacturers today| Rado is an epitome of luxury and innovation. This Swiss watch brand| founded by Ernst and Werner ...
rado,https://www.amazon.in ‚Ä∫ rado-watch ‚Ä∫ k=rado+watch,rado watch - Amazon.in,1-48 of over 1|000 results for "rado watch". RESULTS. Bluetail Retail Radd Centrix Jubile Black Dial Quartz Gold Stainless Steel Men's Wrist Watch ...
rado,https://www.amazon.in ‚Ä∫ rado-watch ‚Ä∫ k=rado+watch,rado watch - Amazon.in,1-48 of over 1|000 results for "rado watch". RESULTS. Bluetail Retail Radd Centrix Jubile Black Dial Quartz Gold Stainless Steel Men's Wrist Watch ...
rado,http://www.malabarwatches.com ‚Ä∫ brands ‚Ä∫ rado-watches,Buy Rado Watches,Rado offers the best Swiss luxury watches known for their flawless mechanics| cutting-edge technology and spell binding looks. Whether you are looking for the ...
rado,https://www.swisstimehouse.com ‚Ä∫ luxury-brands ‚Ä∫ rado,Buy Rado Watches for Men & Women in India - Swiss ...,Items 1 - 30 of 986 ‚Äî Swiss Time House is the Authorized Dealer of Rado watches in India. We have the finest collection of Rado men's and women's watches.
rado,https://www.swisstimehouse.com ‚Ä∫ luxury-brands ‚Ä∫ rado,Buy Rado Watches for Men & Women in India - Swiss ...,Items 1 - 30 of 986 ‚Äî Swiss Time House is the Authorized Dealer of Rado watches in India. We have the finest collection of Rado men's and women's watches.
rado,https://www.gregoryjewellers.com.au ‚Ä∫ Watches,Rado Watches | Swiss Luxury Watches in Australia ...,Rado is a globally recognised Swiss watch brand| famous for innovative design and its use of revolutionary materials to create some of the world's most ...
rado,https://www.gregoryjewellers.com.au ‚Ä∫ Watches,Rado Watches | Swiss Luxury Watches in Australia ...,Rado is a globally recognised Swiss watch brand| famous for innovative design and its use of revolutionary materials to create some of the world's most ...
rado,,,
rado,,,
rado,,,
rado,,,
elle electricals,https://www.indiamart.com ‚Ä∫ elle-electricals-ltd,Elle Electricals Pvt Ltd - Manufacturer of cable clamp| wire ...,Elle Electricals Pvt Ltd - Manufacturer of cable clamp| wire & electrical switch in Delhi. Nature of Business. Manufacturer. Legal Status of Firm.
elle electricals,https://www.indiamart.com ‚Ä∫ elle-electricals-pvt-ltd,Elle Electricals Pvt. Ltd. - Authorized Retail Dealer of Indicator ...,Indicator Switch| Mylinc Switch & Modular Switch Authorized Retail Dealer offered by Elle Electricals Pvt. Ltd. from Kozhikode| Kerala| India.
elle electricals,https://in.linkedin.com ‚Ä∫ company ‚Ä∫ elle-electricals-privat...,ELLE ELECTRICALS PRIVATE LIMITED | LinkedIn,ELLE ELECTRICALS PRIVATE LIMITED is a machinery company based out of PLOT. NO.N-1 &N-2| CAMA INDUSTRIAL ESTATE| WALBHAT ROAD|OPP JAIPAN IND.|GOREGAON (E)| ...
elle electricals,https://suppliers.jimtrade.com ‚Ä∫ ...,Elle Electricals Pvt. Ltd.- Supplier and Manufacturer from ...,Products 1 to 2 of 2 ¬∑ Categories : Elle Electricals Pvt. Ltd. Presents A Unique Plate Range. These System Bases From Elley`S Are The Fi... ¬∑ Categories : Elle ...
elle electricals,https://www.insiderbiz.in ‚Ä∫ company-map ‚Ä∫ ELLE-ELE...,ELLE ELECTRICALS PRIVATE LIMITED - Registered Office ...,ELLE ELECTRICALS PRIVATE LIMITED Registered Postal Address on his record is : PLOT. NO.N-1 &N-2| CAMA INDUSTRIAL ESTATE| WALBHAT ROAD | OPP JAIPAN IND.| ...
elle electricals,https://www.entrepreneurindia.co ‚Ä∫ directory-details ‚Ä∫ elle...,ELLE ELECTRICALS PVT. LTD. - Entrepreneur India,Home ¬∑ Business Listings; ELLE ELECTRICALS PVT. LTD. ELLE ELECTRICALS PVT. LTD. Name| MR. ASHISH TRIPATHI| Website| http://www.elleclectricals.com.
elle electricals,http://elleelectricalspvtltd.worldtradezone.com ‚Ä∫ aboutus,Mumbai-Maharastra-worldtradezone.com - ELLE ...,ELLE ELECTRICALS PVT. LTD. ELECTRICAL ACCESSORIES & PRODUCTS| SWITCHES| BUTTION Electrical Goods| Equipment & Supplies ...
elle electricals,https://www.hindustanyellowpages.in ‚Ä∫ Mumbai ‚Ä∫ Gore...,Elle Electricals Pvt Ltd In Goregaon East Mumbai - Hindustan ...,Elle Electricals Pvt Ltd In Goregaon East Mumbai Listed Under Electrical Goods Showroom With Address| Contact Number| Products| Services And Photo Gallery.
elle electricals,https://www.justdial.com ‚Ä∫ Bangalore ‚Ä∫ catalogue,ELLE Electricals Pvt Ltd. in Malleswaram| Bangalore - Justdial,ELLE Electricals Pvt Ltd. Catalogue listing range of products and services offered by ELLE Electricals Pvt Ltd. in Malleswaram| Bangalore.
What are the various mode of payment accepted here ?
What are its hours of operation ?
elle electricals,https://nicelocal.in ‚Ä∫ üö© Bangalore ‚Ä∫ üõí Shops in Bangalore,ELLE Electricals Pvt Ltd. - Shops in Bangalore - Nicelocal.in,ELLE Electricals Pvt Ltd.| Bengaluru Urban| Gayatri Park Extension| Malleswaram districts: shop's location and contact details| reviews from customers| ...
Rating: 5 ¬∑ 1 vote
Where can you find ELLE Electricals Pvt Ltd.?
Is there a phone number for ELLE Electricals Pvt Ltd.?
fintech global,https://member.fintech.global,FinTech Global | Essential FinTech Intelligence & Analytics,FinTech-Global FinTech Global ¬∑ The 4 high-value trends in InsurTech ¬∑ GoCardless joins the expanding tech unicorn club with $312m Series G ¬∑ MAS unveils ...
fintech global,https://fintech.global ‚Ä∫ about-us,About Us - FinTech Global,FinTech Global was created by a team of professionals who have worked in the financial services and technology consulting industries for over two decades.
fintech global,https://www.linkedin.com ‚Ä∫ company ‚Ä∫ fintech-global,FinTech Global | LinkedIn,FinTech Global is the world's leading provider of FinTech information services| B2B media products and industry events. We inform| promote and connect ...
fintech global,https://www.fintechglobal.center,Fintech Global Center,Fintech Global Center is a center of excellence for all your technology needs| whether you are an established financial institution| or an entrepreneur who is ...
fintech global,https://home.kpmg ‚Ä∫ ... ‚Ä∫ Industries ‚Ä∫ Financial Services,Pulse of Fintech - KPMG Global,Biannual analysis of global fintech investments. ... The breadth of fintech solutions attracting investment continued to expand and grow| with surging ...
fintech global,https://home.kpmg ‚Ä∫ Home ‚Ä∫ Insights ‚Ä∫ 2016,KPMG Global fintech,At KPMG we use the combined strength of our renowned FS sector insight| our global network of expertise and our global partnership with the fintech startup ...
fintech global,https://globalfintechfest.com,Global Fintech Fest 2021| Digital Platform for Global Fintech ...,Global Fintech Fest 2021 is a virtual platform where the start-up founders get golden opportunity to meet and seek advice and ideas from the experts to ...
fintech global,https://www.fisglobal.com ‚Ä∫ ...,FIS: Fintech | Financial Technology | Financial Services ...,Fintech that enables financial services solutions| to advance the banking experience. ... BankOn Logo. Global Sustainability/Corporate Social Responsibility ...
fintech global,,,
fintech global,,,
fintech global,,,
fintech global,,,
sata,https://en.wikipedia.org ‚Ä∫ wiki ‚Ä∫ Serial_ATA,Serial ATA - Wikipedia,Serial ATA (SATA| abbreviated from Serial AT Attachment) is a computer bus interface that connects host bus adapters to mass storage devices such as hard ...
sata,https://sata-io.org,SATA-IO: Home,Since its introduction| SATA has evolved into new applications spaces and now provides storage interface solutions for HDDs| ODDs| SSDs and Hybrid HDDs in ...
sata,https://www.britannica.com ‚Ä∫ Technology ‚Ä∫ Computers,SATA | Definition| Meaning| & Facts - Encyclopedia Britannica,SATA (serial advanced technology attachment)| an interface for transferring data between a computer's central circuit board and storage devices.
sata,https://www.digitaltrends.com ‚Ä∫ computing ‚Ä∫ what-is-sata,What Is SATA? Here's Everything You Need to Know About It,27-May-2021 ‚Äî Although SATA connectors are described as a single port or connector| SATA encompasses two ports: The data connector and the power connector.
sata,https://www.techtarget.com ‚Ä∫ searchstorage ‚Ä∫ definition,What is Serial ATA? An Introduction to SATA - TechTarget,Serial ATA (Serial Advanced Technology Attachment or SATA) is a command and transport protocol that defines how data is transferred between a computer's ...
sata,https://techterms.com ‚Ä∫ definition ‚Ä∫ sata,SATA (Serial Advanced Technology Attachment) Definition,Stands for "Serial Advanced Technology Attachment|" or "Serial ATA." It is an interface used to connect ATA hard drives to a computer's motherboard.
sata,https://www.azoresairlines.pt ‚Ä∫ ...,Find the Best Airline Tickets | Azores Airlines SATA International,Find cheap flights to Azores| Madeira| Cape Verde| USA| Canada and Europe with Azores Airlines! Discover all our destinations and book your flight now!
sata,https://www.sata.com,SATA: Homepage,On the official homepage of SATA GmbH & Co. KG you will find all information on the areas of spray guns (paint spray guns| airbrush guns| automatic guns)| ...
sata,https://www.pcmag.com ‚Ä∫ Encyclopedia ‚Ä∫ S,Definition of SATA | PCMag,(Serial ATA) The standard hardware interface for connecting storage and CD/DVD drives to the computer. Introduced in 2001| most computers for consumers use ...
sata,,,
sata,,,
sata,,,
sata,,,
sata,,,
sata,,,
sata,,,
sata,,,
ranbaxy,https://sunpharma.com,Sun Pharmaceutical Industries Limited & its Subsidiaries,Sun Pharma ‚Äì Ranbaxy Merger; Ranbaxy Archives. Quarterly Results ¬∑ Annual Reports ¬∑ Corporate Governance ¬∑ Presentations ¬∑ Shareholding Pattern ...
ranbaxy,https://economictimes.indiatimes.com ‚Ä∫ stocks ‚Ä∫ compa...,Ranbaxy Laboratories - Share Price| Stock Analysis & Recos,Ranbaxy Laboratories share price live updates on The Economic Times. Check out why Ranbaxy Laboratories share price is up today. Get detailed Ranbaxy ...
ranbaxy,https://in.linkedin.com ‚Ä∫ company ‚Ä∫ ranbaxy,Ranbaxy | LinkedIn,Ranbaxy Laboratories Limited| India's largest pharmaceutical company| is an integrated| research based| international pharmaceutical company| ...
ranbaxy,https://www.ibef.org ‚Ä∫ Industry ‚Ä∫ Pharmaceutical India,About Ranbaxy| Pharma Products| History...IBEF,Ranbaxy Laboratories was established in 1961. It is a research-based international pharmaceutical company serving customers in over 150 countries and has ...
ranbaxy,https://www.medicines.org.uk ‚Ä∫ emc ‚Ä∫ company,Ranbaxy (UK) Limited a Sun Pharmaceutical Company - eMC,129 results ‚Äî Ranbaxy (UK) Limited a Sun Pharmaceutical Company ¬∑ Abacavir/Lamivudine SUN 600 mg/300 mg film-coated tablets ¬∑ Aciclovir 200 mg Tablets ¬∑ Aciclovir 400 ...
ranbaxy,https://www.moneycontrol.com ‚Ä∫ ... ‚Ä∫ Pharmaceuticals,Ranbaxy Laboratories Ltd - Share/Stock Price - Moneycontrol,Ranbaxy Labs Share Price| Ranbaxy Labs Stock Price| Ranbaxy Laboratories Ltd. Stock/Share prices| Ranbaxy Laboratories Ltd. Live BSE/NSE| F&O Quote of ...
ranbaxy,https://www.bionity.com ‚Ä∫ companies ‚Ä∫ ranbaxy-labora...,Ranbaxy Laboratories Ltd. - Gurgaon| India - bionity.com,Ranbaxy Laboratories Limited| India's largest pharmaceutical company| is an integrated| research based| international pharmaceutical company| ...
ranbaxy,,,
ranbaxy,,,
ranbaxy,,,
ranbaxy,,,
ranbaxy,https://en.wikipedia.org ‚Ä∫ wiki ‚Ä∫ Ranbaxy_Laboratories,Ranbaxy Laboratories - Wikipedia,Ranbaxy Laboratories Limited was an Indian multinational pharmaceutical company that was incorporated in India in 1961 and remained an entity until 2014.
Industry: Pharmaceuticals
Defunct: 2014; 8 years ago
Key people: Arun Sawhney (CEO| Ranbaxy La...
Number of employees: 10|983 (2012)
History ¬∑ Formation ¬∑ Trading ¬∑ Acquisition by Daiichi Sankyo
excitel,https://gadgets.ndtv.com ‚Ä∫ broadband-plans ‚Ä∫ excitel-ba...,Excitel Broadband Plans in Bangalore - NDTV Gadgets 360,Excitel Broadband Plans in Bangalore 2022 ; Excitel for Streamers of ‚Çπ424| Unlimited @100 Mbps| 9 Months ; Excitel for Downloaders of ‚Çπ449| Unlimited @200 Mbps ...
excitel,https://play.google.com ‚Ä∫ store ‚Ä∫ apps ‚Ä∫ details ‚Ä∫ id=co...,my Excitel ‚Äì Apps on Google Play,Make quick online payments ‚Äì enjoy hassle free payments. Step by step DIY troubleshooting ‚Äì easy solution to common internet issues
excitel,https://www.plansinfo.com ‚Ä∫ broadband ‚Ä∫ excitel,Excitel Broadband Plans & Unlimited Wifi Offers - Plansinfo,01-Feb-2022 ‚Äî Excitel Broadband Plans List ; ‚Çπ899| 1 month| Unlimited data with speed upto 300 Mbps ; ‚Çπ1695| 3 months| Unlimited data with speed upto 100 Mbps.
excitel,https://www.excitel.com,Excitel: Internet Wifi Connection Providers Near Me| Local ISP ...,Excitel is one of the largest Internet Connection/Service Provider in India. Excitel's broadband connection offers high-speed wireless internet with ...
excitel,,,
excitel,,,
excitel,,,
excitel,,,
excitel,https://in.linkedin.com ‚Ä∫ excitel-broadband ‚Ä∫ life,Excitel Broadband: Culture | LinkedIn,Excitel Broadband | 32367 followers on LinkedIn. Rated as fastest growing ISP by TRAI | Excitel Broadband is an internet service provider founded in 2015 ...
17-Jun-2019 ¬∑ Uploaded by Abhilash Yadav
excitel,https://www.justdial.com ‚Ä∫ Delhi ‚Ä∫ Excitel-Broadband-...,Excitel Broadband - photos| Okhla Industrial Area| Delhi,Excitel Broadband in Okhla Industrial Area| Delhi is one of the leading businesses in the Internet Service Providers with 14 photos. Rated 3.3 based on 550 ...
Rating: 3.3 ¬∑ 550 votes
What are the various mode of payment accepted here ?
What are its hours of operation ?
excitel,https://selectra.in ‚Ä∫ broadband internet,Excitel Broadband: Plans| Features & Coverage In 2022,05-Dec-2021 ‚Äî Excitel broadband provides ultra high -speed technology with their Excitel fiber services. You get up to 1 Gigabit/s even for domestic home ...
Excitel Broadband -PowerFac...
Available Excitel Broadband...
Checking Coverage Of Excite...
Consistent high performance assured; European technology to Indian homes; Strong Regional partner networks offering local support; Exceptional last-mile service delivery; High-speed Extraordinary cust
Continue on selectra.in ¬ª
spectranet,https://spectranet.com.ng,Spectranet: Homepage,Spectranet Enterprise. Business. Fast Internet for a. Happy Family. We are open 24x7 on. Spectranet Selfcare App. LINK YOUR NIN DETAIL TODAY!
spectranet,https://selectra.in ‚Ä∫ broadband internet,Spectra Broadband : Plans| Recharge| Offers In India - Selectra,24-Dec-2021 ‚Äî Spectra| previously known as Spectranet| is one of India's fastest-growing broadband service networks. Spectra now offers Gigabit broadband ...
spectranet,https://in.linkedin.com ‚Ä∫ company ‚Ä∫ onspectra,Spectra | LinkedIn,Spectranet Limited. Internet Publishing. Lagos| Lagos. Spectraforce Technologies. Staffing and Recruiting. Raleigh| NC. Vihaan Networks Ltd.
spectranet,https://www.linkedin.com ‚Ä∫ company ‚Ä∫ spectranet-inc-,SpectraNet| Inc. | LinkedIn,SpectraNet| Inc. | 106 followers on LinkedIn. Since 2004| SpectraNet has been providing engineering and wireless consulting for cellular carriers| ...
spectranet,https://www.spectra.co,Spectra Business Solutions - Enterprise Business Solutions ...,At Spectra| we help our customers create workplaces that inspire collaboration & productivity. Explore our business solutions (Broadband| Dedicated Internet ...
spectranet,,,
spectranet,,,
spectranet,,,
spectranet,,,
spectranet,https://play.google.com ‚Ä∫ store ‚Ä∫ apps ‚Ä∫ details ‚Ä∫ id=co...,Spectranet ‚Äì Apps on Google Play,Spectranet KYC App. Read more. Collapse. Reviews. Review policy and info. Finny Jacob. 26 June 2019.. 37.. Unhelpful. Spam. Link to this review.
Size: 60M
Installs: 5|000+
nextra,https://nextra.vercel.app,Nextra ‚Äì Nextra,Nextra is a Next.js based static site generator. It supports Markdown and React components (MDX)| automatically generated sidebar and anchor links| file-system ...
nextra,https://nextradevelopers.com,Nextra Developers - The Address & Nextra City Developer,Nextra Developers people behind great real estate projects like The Address commercial office space in mayur vihar|Delhi & Nextra City Township .
nextra,http://nextratechnologies.in,Nextra Broadband,Nextra Technologies ¬∑ Make Your Own Plan. Choose your broadband speed of 10 Mbps| 15 Mbps| 20 Mbps| 50 Mbps or 100 Mbps and set your own data limit for a ...
nextra,https://nextra-consulting.com,Nextra Consulting - Ihr Partner f√ºr Nachhaltigkeit,Wir helfen unseren Kunden| die Risiken des Klimawandels zu umschiffen und die Chancen einer nachhaltigen Transformation zu nutzen.
nextra,https://www.nextraone.com,Nextraone: No. 1 Web Hosting & Cloud Solutions Company In ...,Copyright 2019 | Nextra Online Services | All rights reserved. Search Domain Domain. Everything Starts with a Domain Name .com ‚Çπ 899 .online ‚Çπ 2999 ...
nextra,https://www.nextrasolutions.com,Nextra Solutions - Technology Solutions for Legal Challenges,We offer eDiscovery| cybersecurity| information security| information governance| and computer forensics services to corporations| government entities| ...
nextra,https://www.nextrasolutions.com ‚Ä∫ services,Services - Nextra Solutions,Nextra provides end-to-end eDiscovery and comprehensive Information Technology security and management services to help your organization succeed.
nextra,https://www.nextraworld.com,Nextra Broadband High Speed Internet Service Provider (ISP),Nextra Broadband is an Ultra-High Speed broadband service provider| services are offered over Fiber to the Home (FTTH) and Fiber to the Neighbourhood (FTTN) ...
nextra,,,
nextra,,,
nextra,,,
nextra,,,
klm axiva finvest,https://m.economictimes.com ‚Ä∫ ... ‚Ä∫ Finance,KLM Axiva Finvest| issues NCD for the 5th time,12-Oct-2021 ‚Äî Kochi: KLM Axiva Finvest| a leading NBFC| is issuing NCD for the fifth time. The target is to raise `200 crore. Investors can apply for ...
klm axiva finvest,https://www.facebook.com ‚Ä∫ KLMAXIVA,KLM AXIVA - Home | Facebook,KLM AXIVA provide a wide range of financial services to grow and protect your wealth in the most efficient way possible. Services include Investments| ...
klm axiva finvest,https://economictimes.indiatimes.com ‚Ä∫ ... ‚Ä∫ Finance,KLM Axiva Finvest| issues NCD for the 5th time,12-Oct-2021 ‚Äî Kochi: KLM Axiva Finvest| a leading NBFC| is issuing NCD for the fifth time. The target is to raise `200 crore. Investors can apply for non- ...
klm axiva finvest,https://in.linkedin.com ‚Ä∫ company ‚Ä∫ klm-axiva-finvest-ltd,KLM AXIVA FINVEST Ltd. | LinkedIn,Being one of the oldest financial institutions with a fast paced growth calls for serious social responsibility. KLM Group has shouldered that ...
klm axiva finvest,https://www.klmaxiva.com,KLM Axiva ‚Äì Gold Loan Company| Kerala| Get instant gold ...,Get instant gold loan against your ornaments from KLM Axiva and get relieved of your immediate requirements.
klm axiva finvest,https://www.bloomberg.com ‚Ä∫ profile ‚Ä∫ company,KLM Axiva Finvest Ltd - Company Profile and News,KLM Axiva Finvest Limited provides consumer finance services. The Company offers gold loan| investments| micro finance| and money exchange| ...
INDUSTRY: Financial Services
ADDRESS: Door No 1871A24| VM Plaza Kakk...
SUB-INDUSTRY: Specialty Finance
klm axiva finvest,https://www.chittorgarh.com ‚Ä∫ bond ‚Ä∫ klm-axiva-finves...,KLM Axiva Finvest NCD Public Issue Detail - Chittorgarh,Incorporated in 1997| Hyderabad based KLM Axiva Finvest Limited is a non-deposit taking and non-systematically important non-banking finance company (NBFC).
Issue Price: Rs 1000 per NCD
Issue Size (Base): Rs 100.00 Crores
Issue Open: Jul 5| 2021 - Jul 26| 2021
Issue Size (Shelf): Rs 50.00 Crores
alibaba,https://www.alibabagroup.com,Alibaba Group,Tmall; Taobao Marketplace; Freshippo; Alibaba Health; 1688.com; Lingshoutong; AliExpress; Lazada Group; Kaola; Alibaba.com; Ele.me; Koubei; Fliggy; Youku ...
alibaba,https://www.alibaba.com,Alibaba.com: Manufacturers| Suppliers| Exporters & Importers ...,Find quality Manufacturers| Suppliers| Exporters| Importers| Buyers| Wholesalers| Products and Trade Leads from our award-winning International Trade Site.
alibaba,,,
alibaba,,,
alibaba,,,
alibaba,,,
alibaba,https://en.wikipedia.org ‚Ä∫ wiki ‚Ä∫ Alibaba_Group,Alibaba Group - Wikipedia,Alibaba Group Holding Limited| also known as Alibaba| is a Chinese multinational technology company specializing in e-commerce| retail| Internet| ...
Founder: Jack Ma
Products: E-commerce; Cloud computing; Artifi...
Services: Alibaba.com; Alibaba Cloud; AliExpr...
Net income: CN¬•143.284 billion (US$21.869 b...
alibaba,https://play.google.com ‚Ä∫ store ‚Ä∫ apps ‚Ä∫ details ‚Ä∫ id=co...,Alibaba.com - Leading online B2B Trade Marketplace,The Alibaba.com app is a leading wholesale mobile marketplace for global trade. Source for your business from suppliers around the world at an incredible ...
Size: 141M
Updated: 7 February 2022
Rating: 4.5 ¬∑ 1|540|827 votes ¬∑ Free ¬∑ Android ¬∑ Shopping
alibaba,,,
alibaba,,,
alibaba,,,
alibaba,,,
olx,https://www.olx.com,OLX,OLX is part of OLX Group| a network of leading marketplaces present in 30+ countries with 20+ brands.
olx,https://www.olxgroup.com,OLX Group: Home,OLX Group operates one of the fastest-growing network of trading platforms globally. Find out about our well-loved brands including Avito| OLX| and Otomoto| ...
olx,https://www.quikr.com ‚Ä∫ olx-bangalore+all_categories+ba...,Olx bangalore in Bangalore - Quikr,Results 1 - 24 of 1356 ‚Äî Antique Rare 5Rupees Indira Gandhi Series 1917-1984 Old Coin For Sale Price Is Little Negotiable Please Contact me Genuine Buyer Each. 7- ...
olx,https://play.google.com ‚Ä∫ store ‚Ä∫ apps ‚Ä∫ details ‚Ä∫ id=co...,OLX: Buy & Sell Near You with Online Classifieds - Google Play,OLX is the perfect online marketplace to buy and sell locally! No need to visit the flea market to find the best deals on pre-owned items! Here you'll find ...
olx,https://www.facebook.com ‚Ä∫ olxindia,OLX India - Home | Facebook,One of the world's biggest free online classified! Its a unique platform for people to buy or sell items from an array of products & services like cars| ...
olx,https://en.wikipedia.org ‚Ä∫ wiki ‚Ä∫ OLX,OLX - Wikipedia,The OLX marketplace is a platform for buying and selling services and goods such as electronics| fashion items| furniture| household goods| cars and bikes. In ...
olx,https://www.instagram.com ‚Ä∫ olx_india,OLX India (@olx_india) ‚Ä¢ Instagram photos and videos,OLX India. Computers & Internet Website. Young| fun| driven| & India's largest online classifieds| we bring people together for win-win exchanges.
olx,https://www.olx.in,OLX - Free classifieds in India| Buy and Sell for free anywhere ...,OLX has 1000's ads available in India of goods for sale from cars| furniture| electronics to jobs and services listings. Buy or sell something today!
christ university,https://collegedunia.com ‚Ä∫ Bangalore,Christ University: Admission 2022| Fees| Courses| Placements ...,3 days ago ‚Äî Christ University is deemed to be a university in Bangalore| Karnataka. Christ University is an autonomous institution.The university works ...
christ university,https://christcollegeijk.edu.in,Christ College| Irinjalakuda Autonomous,Christ College is a Syro-Malabar Roman Catholic college run by Carmelites of Mary Immaculate in Irinjalakuda of Thrissur District| Kerala.
christ university,https://www.facebook.com ‚Ä∫ ... ‚Ä∫ Education website,Christ- Deemed to be University - Home | Facebook,Christ- Deemed to be University| Bangalore| India. 4815 likes ¬∑ 228 talking about this. A nurturing ground for an individual's holistic development to...
christ university,https://www.christcollege.ac.in,CHRIST COLLEGE,... affiliated to the Utkal University as an Intermediate College in Arts. In ... In 1949 the name of the college was changed to Christ College after the ...
christ university,https://www.careers360.com ‚Ä∫ university ‚Ä∫ christ-univer...,Christ University (CU) Bangalore: Admission| Fees| Courses,Christ University| Bangalore (CU) was established in 1969 as Christ College. The University Grants Commission (UGC) of India conferred Autonomy to Christ ...
christ university,https://christuniversity.in,Christ University,
christ university,,,
christ university,,,
christ university,,,
christ university,,,
christ university,https://www.shiksha.com ‚Ä∫ Colleges in Bangalore,Christ University: Courses| Fees| Placements| Admission 2022,Accredited by NAAC with Grade 'A'| Christ Bangalore was established in the year 1969 and was declared a Deemed-to-be University in 2008 by the Ministry of HRD ( ...
Rating: 4.2 ¬∑ 1|366 reviews
Which is the main campus of Christ Bangalore?
How can I apply online for Christ Bangalore?
christ university,https://en.wikipedia.org ‚Ä∫ wiki ‚Ä∫ Christ_University,Christ University - Wikipedia,CHRIST (Deemed to be University)| is a deemed to be university in Bangalore| Karnataka| India. Founded in 1969 as Christ College| the University Grants ...
Campus: Urban
Vice-Chancellor: Rev. Dr. Fr. Abraham V. M| C...
Students: 18|535 (2016)
Chancellor: Dr Fr Paul Achandy| CMI
mdh,https://mdhspices.com,MDH Spices,Several decades ago| housewives used to grind their spices manually at home and make their own blends for use in their cooking. To make this process easier for ...
mdh,https://www.instagram.com ‚Ä∫ mdhspicesofficial,MDH Spices (@mdhspicesofficial) ‚Ä¢ Instagram photos and ...,MDH Spices. Food & beverage. King of spices "The brand MDH" is celebrating its golden 100 years| having range of 62 products available.
mdh,https://www.flipkart.com ‚Ä∫ spice-powder-and-masala,Buy MDH Masala and Spices online at Flipkart | Flipkart.com,MDH Masalas are packaged as single ground spices and spice blends. Cumin| turmeric| coriander| dry mango| and saffron are some single ground and flake spices ...
mdh,https://www.amazon.in ‚Ä∫ Spices-Masalas-MDH-Cookin...,MDH - Spices & Masalas / Cooking & Baking Supplies,1-24 of 77 results. RESULTS. 0 in cart ¬∑ MDH Deggi Chilli| 100g ¬∑ MDH Kitchen King Mixed Spices ¬∑ MDH Garam Masala| 100g ¬∑ MDH Chunky Chat Masala| 100g.
mdh,https://economictimes.indiatimes.com ‚Ä∫ topic ‚Ä∫ mdh,Latest News & Videos| Photos about mdh | The Economic Times,Leading masala-maker Mahashian Di Hatti Ltd| popularly known by its brand name MDH| has lost a website address dispute case against a Pakistani firm engaged in ...
mdh,https://www.bigbasket.com ‚Ä∫ mdh,MDH Masalas| Spices & Seasonings Online at the best prices,MDH spices & seasonings online shop. Buy MDH spices & seasonings online in India at best price. Find more MDH spices & seasonings products online in India.
mdh,https://www.facebook.com ‚Ä∫ ... ‚Ä∫ Food & beverage,MDH Spices - Home | Facebook,MDH Spices| Delhi| India. 75303 likes ¬∑ 171 talking about this. King of spices "The brand MDH" is celebrating its golden 100 years. The years of...
mdh,https://en.wikipedia.org ‚Ä∫ wiki ‚Ä∫ MDH_(spice_company),MDH (spice company) - Wikipedia,Mahashian Di Hatti Private Limited| doing business as MDH| is an Indian spice producer and seller based in New Delhi| India. It is the second largest leader ...
Net income: ‚Çπ420 crore (2020)
Products: Deegi Mirch| Chana masala| Kitchen ...
Revenue: ‚Çπ924 crore (2016)
Industry: Food| spices
History ¬∑ Charity work
mdh,,,
mdh,,,
mdh,,,
mdh,,,